id,price,brand,model,year,title_status,mileage,color,vin,lot,state,country,condition
0,6300,toyota,cruiser,2008,clean vehicle,274117.0,black,  jtezu11f88k007763,159348797,new jersey, usa,10 days left
1,2899,ford,se,2011,clean vehicle,190552.0,silver,  2fmdk3gc4bbb02217,166951262,tennessee, usa,6 days left
2,5350,dodge,mpv,2018,clean vehicle,39590.0,silver,  3c4pdcgg5jt346413,167655728,georgia, usa,2 days left
3,25000,ford,door,2014,clean vehicle,64146.0,blue,  1ftfw1et4efc23745,167753855,virginia, usa,22 hours left
4,27700,chevrolet,1500,2018,clean vehicle,6654.0,red,  3gcpcrec2jg473991,167763266,florida, usa,22 hours left
5,5700,dodge,mpv,2018,clean vehicle,45561.0,white,  2c4rdgeg9jr237989,167655771,texas, usa,2 days left
6,7300,chevrolet,pk,2010,clean vehicle,149050.0,black,  1gcsksea1az121133,167753872,georgia, usa,22 hours left
7,13350,gmc,door,2017,clean vehicle,23525.0,gray,  1gks2gkc3hr326762,167692494,california, usa,20 hours left
8,14600,chevrolet,malibu,2018,clean vehicle,9371.0,silver,  1g1zd5st5jf191860,167763267,florida, usa,22 hours left
9,5250,ford,mpv,2017,clean vehicle,63418.0,black,  2fmpk3j92hbc12542,167656121,texas, usa,2 days left
10,10400,dodge,coupe,2009,clean vehicle,107856.0,orange,  2b3lj54t49h509675,167753874,georgia, usa,22 hours left
11,12920,gmc,mpv,2017,clean vehicle,39650.0,white,  1gks2bkc6hr136280,167692496,california, usa,20 hours left
12,31900,chevrolet,1500,2018,clean vehicle,22909.0,black,  3gcukrec0jg176059,167763273,tennessee, usa,22 hours left
13,5430,chrysler,wagon,2017,clean vehicle,138650.0,gray,  2c4rc1cg5hr616095,167656123,texas, usa,2 days left
14,20700,ford,door,2013,clean vehicle,100757.0,black,  1ftfw1et7dfa47790,167753916,virginia, usa,22 hours left
15,12710,gmc,door,2017,clean vehicle,25747.0,white,  1gks2gkc6hr328389,167692497,california, usa,20 hours left
16,5200,kia,forte,2018,clean vehicle,46194.0,blue,  3kpfk4a77je198723,167801757,north carolina, usa,2 days left
17,16500,buick,encore,2018,clean vehicle,20002.0,red,  kl4cj1sb6jb688844,167763275,tennessee, usa,22 hours left
18,5210,ford,mpv,2017,clean vehicle,35714.0,white,  2fmpk3j95hbb73607,167656124,texas, usa,2 days left
19,38100,ford,door,2013,clean vehicle,54380.0,gray,  1ft8w3dt5deb68569,167753923,virginia, usa,22 hours left
20,12520,gmc,door,2017,clean vehicle,30114.0,white,  1gks2gkcxhr328380,167692498,california, usa,20 hours left
21,7300,kia,forte,2018,clean vehicle,38823.0,black,  3kpfl4a79je272611,167801773,north carolina, usa,2 days left
22,15000,chevrolet,door,2015,clean vehicle,61578.0,black,  2gnflhe33f6214023,167763280,ohio, usa,2 days left
23,6180,ford,mpv,2017,clean vehicle,46010.0,blue,  2fmpk3j84hbc09276,167656125,texas, usa,2 days left
24,20800,ford,door,2013,clean vehicle,105510.0,silver,  1ftfw1efxdfa01008,167753937,virginia, usa,22 hours left
25,11900,gmc,door,2017,clean vehicle,28040.0,silver,  1gks2gkc2hr327918,167692503,california, usa,20 hours left
26,21500,kia,sorento,2020,clean vehicle,11451.0,blue,  5xypg4a59lg616029,167801828,north carolina, usa,2 days left
27,12000,buick,door,2014,clean vehicle,31039.0,brown,  1g4ps5sk1e4188639,167763299,ohio, usa,2 days left
28,4190,ford,doors,2017,clean vehicle,44174.0,white,  1fadp5auxhl109013,167656126,texas, usa,2 days left
29,13000,ford,chassis,2008,clean vehicle,93698.0,white,  1fdwf37r28eb95687,167754098,tennessee, usa,22 hours left
30,12710,gmc,door,2017,clean vehicle,26364.0,silver,  1gks2gkc6hr326335,167692504,california, usa,20 hours left
31,18500,infiniti,q70,2016,clean vehicle,71967.0,gray,  jn1by1ar7gm271292,167801920,new york, usa,19 hours left
32,29800,chevrolet,camaro,1973,clean vehicle,46226.0,red,  1q87t3n166389,167763370,pennsylvania, usa,22 hours left
33,5330,ford,mpv,2017,clean vehicle,37792.0,no_color,  2fmpk3j9xhbb56401,167656127,texas, usa,2 days left
34,13000,ford,convertible,2003,clean vehicle,58817.0,gray,  1fahp60a63y107799,167754173,virginia, usa,22 hours left
35,11900,gmc,door,2017,clean vehicle,27965.0,black,  1gks2gkc2hr328793,167692507,california, usa,20 hours left
36,16600,mercedes-benz,vans,2016,clean vehicle,110907.0,white,  8btpe7dd4ge127040,167802259,new york, usa,19 hours left
37,19200,chevrolet,1500,2018,clean vehicle,2430.0,white,  1gcncneh5jz302471,167763391,tennessee, usa,22 hours left
38,7320,ford,mpv,2017,clean vehicle,32366.0,gold,  2fmpk4k96hbb16692,167656128,texas, usa,2 days left
39,7000,ford,pk,2003,clean vehicle,176567.0,white,  1ftnx20p73ed69682,167754187,tennessee, usa,22 hours left
40,12710,gmc,door,2017,clean vehicle,30049.0,white,  1gks2gkc6hr325461,167692508,california, usa,20 hours left
41,16600,mercedes-benz,vans,2016,clean vehicle,97983.0,white,  wd4pe7dd1gp253504,167802269,new york, usa,19 hours left
42,30500,chevrolet,1500,2018,clean vehicle,30442.0,red,  3gcukrec4jg204915,167763393,tennessee, usa,22 hours left
43,6330,ford,mpv,2017,clean vehicle,38123.0,red,  2fmpk3j85hbb79415,167656129,texas, usa,2 days left
44,55000,ford,srw,2017,clean vehicle,15273.0,black,  1ft7w3bt5hee88155,167754310,pennsylvania, usa,3 days left
45,12520,gmc,door,2017,clean vehicle,28972.0,black,  1gks2gkcxhr324555,167692509,california, usa,20 hours left
46,16200,jeep,compass,2019,clean vehicle,30061.0,red,  3c4njccb3kt676336,167802530,north carolina, usa,2 days left
47,19000,chevrolet,malibu,2017,clean vehicle,18414.0,white,  1g1zh5sx9hf118136,167763675,tennessee, usa,22 hours left
48,5580,dodge,mpv,2017,clean vehicle,46829.0,gray,  3c4pddeg7ht595704,167656130,texas, usa,2 days left
49,54000,ford,srw,2017,clean vehicle,26241.0,black,  1ft7w3bt0hef02785,167754311,pennsylvania, usa,3 days left
50,12710,gmc,mpv,2017,clean vehicle,39886.0,red,  1gks2bkc7hr133811,167692513,california, usa,20 hours left
51,16000,jeep,compass,2019,clean vehicle,31594.0,silver,  3c4njccb0kt676343,167802531,north carolina, usa,2 days left
52,27000,buick,enclave,2017,clean vehicle,32107.0,no_color,  5gakrckdxhj113512,167763677,tennessee, usa,22 hours left
53,7760,ford,mpv,2017,clean vehicle,44794.0,gray,  2fmpk4j87hbb21750,167656131,texas, usa,2 days left
54,19600,chrysler,300,2019,clean vehicle,42648.0,gray,  2c3ccabgxkh559658,167754404,south carolina, usa,22 hours left
55,12920,gmc,mpv,2017,clean vehicle,39165.0,silver,  1gks2bkc6hr134450,167692514,california, usa,20 hours left
56,20000,jeep,cherokee,2019,clean vehicle,38355.0,charcoal,  1c4pjmbx6kd298806,167802532,north carolina, usa,2 days left
57,18100,buick,door,2017,clean vehicle,46766.0,silver,  1g4zp5ss8hu149142,167763681,florida, usa,2 days left
58,23000,chrysler,pacifica,2020,clean vehicle,2473.0,white,  2c4rc1fg5lr143335,167656205,ohio, usa,2 days left
59,18500,chrysler,300,2019,clean vehicle,38586.0,gray,  2c3ccaeg5kh585628,167754410,south carolina, usa,22 hours left
60,13490,gmc,door,2017,clean vehicle,27842.0,white,  1gks2gkc0hr323625,167692515,california, usa,20 hours left
61,20700,jeep,cherokee,2019,clean vehicle,31156.0,white,  1c4pjmbx2kd360704,167802533,north carolina, usa,2 days left
62,17800,chevrolet,door,2017,clean vehicle,52435.0,black,  1g1fb1rsxh0185712,167763683,florida, usa,22 hours left
63,6650,ford,door,2017,clean vehicle,29942.0,black,  1fmcu0gd8huc93883,167656254,texas, usa,2 days left
64,29100,chrysler,pacifica,2019,clean vehicle,25281.0,red,  2c4rc1gg3kr730663,167754412,south carolina, usa,22 hours left
65,12710,gmc,door,2017,clean vehicle,32504.0,silver,  1gks2gkc6hr327937,167692524,california, usa,20 hours left
66,21100,jeep,cherokee,2019,clean vehicle,28649.0,silver,  1c4pjmbx6kd298174,167802534,north carolina, usa,2 days left
67,18600,chevrolet,door,2017,clean vehicle,35200.0,white,  1g1fb1rsxh0104806,167763684,florida, usa,22 hours left
68,4340,ford,door,2017,clean vehicle,25602.0,silver,  1fmcu0gd7huc86259,167656255,texas, usa,2 days left
69,19300,chrysler,300,2019,clean vehicle,34801.0,gray,  2c3ccakg4kh594972,167754413,south carolina, usa,22 hours left
70,12780,gmc,door,2017,clean vehicle,31009.0,black,  1gks2gkc7hr321306,167692525,california, usa,20 hours left
71,15800,jeep,compass,2019,clean vehicle,35595.0,charcoal,  3c4njccb4kt662767,167802541,north carolina, usa,2 days left
72,29400,bmw,x3,2017,clean vehicle,23765.0,black,  5uxwx7c3xh0u44145,167763685,tennessee, usa,22 hours left
73,4430,ford,door,2017,clean vehicle,31792.0,black,  1fmcu0gd9huc37922,167656256,texas, usa,2 days left
74,19400,chrysler,300,2019,clean vehicle,33135.0,gray,  2c3ccakg6kh578112,167754417,south carolina, usa,22 hours left
75,12520,gmc,door,2017,clean vehicle,30636.0,red,  1gks2gkcxhr323969,167692526,california, usa,20 hours left
76,15900,jeep,compass,2019,clean vehicle,34502.0,red,  3c4njccb7kt660088,167802543,north carolina, usa,2 days left
77,26400,buick,door,2017,clean vehicle,25434.0,white,  5gakvckd2hj308564,167763690,florida, usa,22 hours left
78,4140,ford,door,2017,clean vehicle,36732.0,black,  1fmcu0gd5hud08310,167656257,texas, usa,2 days left
79,18300,chrysler,300,2019,clean vehicle,41792.0,gray,  2c3ccaeg0kh555632,167754420,south carolina, usa,22 hours left
80,12520,gmc,door,2017,clean vehicle,31992.0,black,  1gks2gkcxhr328718,167692527,california, usa,20 hours left
81,17900,jeep,compass,2019,clean vehicle,32501.0,red,  3c4njddb7kt682015,167802544,north carolina, usa,2 days left
82,18300,chevrolet,camaro,2017,clean vehicle,28395.0,black,  1g1fb3dx5h0143964,167763691,florida, usa,22 hours left
83,4640,ford,door,2017,clean vehicle,36139.0,blue,  1fmcu0g95huc13712,167656258,texas, usa,2 days left
84,24000,ford,door,2016,clean vehicle,84413.0,black,  1ftfw1ef1gfb13670,167754527,pennsylvania, usa,3 days left
85,13200,gmc,door,2017,clean vehicle,33457.0,white,  1gks2gkc5hr326410,167692528,california, usa,20 hours left
86,18000,jeep,compass,2019,clean vehicle,29245.0,gray,  3c4njddb0kt686052,167802545,north carolina, usa,2 days left
87,14900,chevrolet,equinox,2017,clean vehicle,12783.0,silver,  2gnalcek7h1548351,167763692,florida, usa,22 hours left
88,4140,ford,door,2017,clean vehicle,17617.0,white,  1fmcu0gd5huc78080,167656259,texas, usa,2 days left
89,11500,ford,door,2016,clean vehicle,36855.0,black,  1fmcu9gx9gua57286,167754531,pennsylvania, usa,2 days left
90,9110,ford,door,2017,clean vehicle,110316.0,white,  1ftfw1ef5hkc50264,167656356,texas, usa,2 days left
91,7350,chrysler,door,2015,clean vehicle,88227.0,black,  1c3cccab7fn613884,167755375,pennsylvania, usa,2 days left
92,24500,bmw,door,2017,clean vehicle,17626.0,gray,  wba4f9c51hg439932,167765094,michigan, usa,2 days left
93,9300,ford,door,2017,clean vehicle,120353.0,white,  1ftfw1ef4hkc50286,167656357,texas, usa,2 days left
94,39800,dodge,challenger,2015,clean vehicle,3641.0,white,  2c3cdzc95fh757310,167755377,pennsylvania, usa,2 days left
95,53500,bmw,m,2017,clean vehicle,29355.0,blue,  5ymkt6c37h0x20696,167765095,michigan, usa,2 days left
96,15110,ford,door,2017,clean vehicle,39333.0,black,  1ft7w2bt7hec41164,167656358,texas, usa,2 days left
97,34000,ford,door,2015,clean vehicle,42930.0,white,  1ft8w3b61fec52078,167755448,pennsylvania, usa,2 days left
98,26502,chevrolet,colorado,2017,clean vehicle,24993.0,black,  1gcgtcen4h1158648,167765108,michigan, usa,20 hours left
99,5990,ford,mpv,2017,clean vehicle,44929.0,black,  1fm5k7b86hga87008,167656359,texas, usa,2 days left
100,13600,ford,focus,2018,clean vehicle,16971.0,black,  1fadp3m26jl307477,167755490,south carolina, usa,21 hours left
101,23605,cadillac,door,2017,clean vehicle,35598.0,gray,  1gyknbrsxhz114969,167765109,michigan, usa,2 days left
102,10780,ford,mpv,2017,clean vehicle,40455.0,white,  1fm5k8ht0hga07252,167656360,texas, usa,2 days left
103,13800,ford,focus,2018,clean vehicle,23164.0,white,  1fadp3j2xjl279400,167755491,south carolina, usa,21 hours left
104,25201,cadillac,door,2017,clean vehicle,19011.0,no_color,  1gyknbrs8hz257399,167765111,michigan, usa,2 days left
105,7070,ford,mpv,2017,clean vehicle,45191.0,white,  1fm5k7d82hgb39148,167656361,texas, usa,2 days left
106,8700,ford,focus,2018,clean vehicle,21405.0,white,  1fadp3k23jl219764,167755494,south carolina, usa,21 hours left
107,18003,chevrolet,malibu,2017,clean vehicle,19117.0,no_color,  1g1zh5sx7hf141060,167765112,michigan, usa,17 hours left
108,8530,ford,door,2017,clean vehicle,42104.0,black,  1fm5k7f80hga03159,167656362,texas, usa,2 days left
109,23100,dodge,durango,2018,clean vehicle,49496.0,white,  1c4rdjdg2jc329601,167755496,south carolina, usa,21 hours left
110,24500,cadillac,door,2017,clean vehicle,32418.0,white,  1gykndrs1hz125239,167765114,michigan, usa,2 days left
111,7000,ford,mpv,2017,clean vehicle,29882.0,white,  1fm5k7d84hgc31359,167656363,texas, usa,2 days left
112,17000,ford,escape,2018,clean vehicle,34819.0,gold,  1fmcu9hd6juc54783,167755501,south carolina, usa,21 hours left
113,34002,chevrolet,1500,2017,clean vehicle,31923.0,white,  3gcuktej3hg475034,167765115,michigan, usa,2 days left
114,6980,ford,mpv,2017,clean vehicle,29168.0,gray,  1fm5k7d8xhga68751,167656364,texas, usa,2 days left
115,25000,dodge,charger,2018,clean vehicle,28307.0,silver,  2c3cdxjg6jh224431,167755814,michigan, usa,21 hours left
116,20802,chevrolet,colorado,2017,clean vehicle,33791.0,turquoise,  1gcgtben3h1180134,167765116,michigan, usa,2 days left
117,9200,ford,door,2017,clean vehicle,21770.0,black,  1ftew1ep8hfa10123,167656365,texas, usa,2 days left
118,26500,chrysler,pacifica,2017,clean vehicle,18375.0,gray,  2c4rc1eg2hr669530,167755839,michigan, usa,21 hours left
119,24802,chevrolet,colorado,2017,clean vehicle,14158.0,gray,  1gcgtcen9h1202076,167765119,michigan, usa,2 days left
120,7070,ford,mpv,2017,clean vehicle,30318.0,black,  1fm5k7d82hgb21314,167656366,texas, usa,2 days left
121,28500,ford,door,2017,clean vehicle,48086.0,red,  1ftew1ep2hkd15978,167755890,south carolina, usa,21 hours left
122,47500,cadillac,door,2017,clean vehicle,26562.0,black,  1gys4ckj7hr359884,167765120,michigan, usa,2 days left
123,23500,ford,explorer,2017,clean vehicle,57611.0,black,  1fm5k8f80hgc67231,167755891,south carolina, usa,21 hours left
124,23505,chevrolet,colorado,2017,clean vehicle,47357.0,black,  1gcptce16h1176629,167765121,michigan, usa,2 hours left
125,10940,ford,door,2017,clean vehicle,84916.0,white,  1ftew1ef1hke25038,167656368,texas, usa,2 days left
126,32100,ford,f-150,2017,clean vehicle,24521.0,gray,  1ftfw1eg1hfb38806,167755893,south carolina, usa,21 hours left
127,53000,chevrolet,3500,2018,clean vehicle,16105.0,black,  1gc4k1ey0jf149152,167765123,washington, usa,21 hours left
128,6830,ford,mpv,2017,clean vehicle,35888.0,gold,  1fm5k7dh9hgb05630,167656369,texas, usa,2 days left
129,11900,dodge,caravan,2017,clean vehicle,59537.0,gray,  2c4rdgcg3hr864989,167755906,south carolina, usa,21 hours left
130,26414,chevrolet,1500,2017,clean vehicle,55222.0,black,  3gcukrec3hg429109,167765140,michigan, usa,20 hours left
131,4160,dodge,mpv,2018,clean vehicle,32870.0,gray,  3c4pdcab8jt166940,167656464,florida, usa,17 hours left
132,19405,chevrolet,door,2017,clean vehicle,39687.0,silver,  1gnkvgkd0hj145877,167765141,michigan, usa,3 hours left
133,5690,dodge,mpv,2018,clean vehicle,47085.0,silver,  2c4rdgeg8jr337145,167656466,florida, usa,17 hours left
134,25900,chrysler,van,2017,clean vehicle,32224.0,silver,  2c4rc1gg4hr635019,167756044,south carolina, usa,21 hours left
135,24005,chevrolet,1500,2017,clean vehicle,51293.0,beige,  1gcukrecxhf153500,167765146,michigan, usa,20 hours left
136,5090,dodge,mpv,2018,clean vehicle,42989.0,gray,  2c4rdgcg2jr218218,167656467,florida, usa,17 hours left
137,19500,chrysler,300,2017,clean vehicle,31311.0,gray,  2c3ccabg5hh538726,167756093,arizona, usa,34 minutes
138,32012,chevrolet,1500,2017,clean vehicle,46091.0,white,  3gcuksej6hg353147,167765148,michigan, usa,2 days left
139,6800,dodge,dart,2016,clean vehicle,49033.0,black,  1c3cdffh0gd823262,167756148,michigan, usa,2 days left
140,4260,dodge,mpv,2018,clean vehicle,33957.0,gray,  3c4pdcabxjt311007,167656471,florida, usa,16 hours left
142,31802,chevrolet,2500,2017,clean vehicle,19845.0,silver,  1gc1kveg3hf189737,167765152,michigan, usa,20 hours left
143,7210,dodge,doors,2018,clean vehicle,38910.0,black,  2c3cdxct1jh233225,167656472,florida, usa,16 hours left
145,28402,chevrolet,1500,2017,clean vehicle,31234.0,black,  3gcukrec4hg196549,167765157,michigan, usa,2 days left
146,6800,dodge,doors,2018,clean vehicle,36767.0,gray,  2c3cdxhgxjh125388,167656473,florida, usa,16 hours left
147,33300,cadillac,esv,2015,clean vehicle,57932.0,gray,  1gys4tkj0fr538846,167765183,washington, usa,21 hours left
148,10780,dodge,mpv,2018,clean vehicle,19420.0,white,  1c4sdjct1jc174166,167656474,florida, usa,16 hours left
149,6700,ford,cutaway,2014,clean vehicle,204155.0,beige,  1fdfe4fs7eda23699,167756194,pennsylvania, usa,3 days left
150,20000,chevrolet,1500,2016,clean vehicle,93493.0,white,  3gcuknec9gg342967,167765203,washington, usa,21 hours left
151,6440,chrysler,doors,2018,clean vehicle,20942.0,gray,  2c3ccakg8jh168457,167656475,florida, usa,17 hours left
152,19900,ford,door,2016,clean vehicle,86826.0,gray,  1fm5k8f8xggc51519,167756205,south carolina, usa,21 hours left
153,37000,chevrolet,door,2015,clean vehicle,45787.0,white,  1gc1kwegxff145382,167765217,washington, usa,21 hours left
154,4040,dodge,mpv,2018,clean vehicle,50765.0,red,  3c4pdcab6jt273002,167656476,florida, usa,16 hours left
155,22300,ford,explorer,2016,clean vehicle,62774.0,black,  1fm5k8fh9ggc37790,167756208,south carolina, usa,21 hours left
156,31200,chevrolet,door,2011,clean vehicle,76326.0,gray,  1gc1kxc86bf208814,167765320,washington, usa,21 hours left
157,4290,dodge,mpv,2018,clean vehicle,39029.0,white,  3c4pdcab0jt474412,167656477,florida, usa,16 hours left
158,22800,ford,el,2016,clean vehicle,72885.0,silver,  1fmjk1ht3gef52975,167756210,south carolina, usa,21 hours left
159,19002,cadillac,door,2016,clean vehicle,46467.0,white,  1g6ah1rx1g0193887,167765761,michigan, usa,20 hours left
160,4160,dodge,mpv,2018,clean vehicle,6743.0,gray,  3c4pdcab8jt384019,167656478,florida, usa,16 hours left
161,18500,ford,edge,2016,clean vehicle,33514.0,white,  2fmpk3j98gbb59781,167756214,south carolina, usa,21 hours left
162,39000,bmw,series,2016,clean vehicle,39917.0,blue,  wba7f2c57gg421020,167765766,michigan, usa,2 days left
163,6060,dodge,doors,2018,clean vehicle,32504.0,black,  3c4pddgg1jt523058,167656479,florida, usa,18 hours left
164,28800,ford,door,2016,clean vehicle,77638.0,white,  1ftew1ep1gfc64335,167756219,south carolina, usa,21 hours left
165,40000,bmw,series,2016,clean vehicle,31727.0,gray,  wba7f2c55gg415264,167765767,michigan, usa,2 days left
166,6140,dodge,doors,2018,clean vehicle,52966.0,silver,  2c3cdxbg0jh187083,167656480,florida, usa,16 hours left
167,21000,ford,flex,2016,clean vehicle,24157.0,gray,  2fmhk6c89gba05297,167756222,south carolina, usa,21 hours left
168,20105,buick,door,2016,clean vehicle,51393.0,beige,  5gakvbkd8gj196085,167765770,michigan, usa,20 hours left
169,6760,dodge,doors,2018,clean vehicle,35461.0,white,  2c3cdzag7jh321665,167656483,florida, usa,16 hours left
170,25800,ford,door,2014,clean vehicle,47055.0,brown,  1ft7x2b62eea29551,167756277,pennsylvania, usa,1 days left
171,39000,bmw,series,2016,clean vehicle,33110.0,black,  wba7f2c57gg419607,167765776,michigan, usa,2 days left
172,5470,dodge,mpv,2018,clean vehicle,39721.0,black,  3c4pdcgg9jt216280,167656495,florida, usa,16 hours left
173,14600,ford,door,2014,clean vehicle,75785.0,black,  1fm5k8f81egb23411,167756284,pennsylvania, usa,21 hours left
174,24502,chevrolet,1500,2016,clean vehicle,33624.0,black,  3gcuknec6gg150809,167765812,michigan, usa,20 hours left
175,15110,ford,door,2017,clean vehicle,42289.0,white,  1ft7w2bt7hec67263,167656516,texas, usa,2 days left
176,7900,ford,door,2014,clean vehicle,79422.0,white,  1fmcu0g9xeud52262,167756290,new york, usa,21 hours left
177,27305,chevrolet,door,2016,clean vehicle,28844.0,blue,  3gcukrec5gg383569,167765813,michigan, usa,3 hours left
178,15290,ford,door,2017,clean vehicle,66582.0,white,  1ft7w2bt0hef21363,167656517,texas, usa,2 days left
179,26500,ford,door,2015,clean vehicle,61436.0,silver,  1ftew1cf3fke12825,167756321,south carolina, usa,21 hours left
180,25502,chevrolet,door,2016,clean vehicle,58303.0,silver,  3gcukrec0gg380000,167765816,michigan, usa,20 hours left
181,7320,ford,mpv,2017,clean vehicle,55618.0,white,  1fmzk1cmxhkb51025,167656518,texas, usa,2 days left
182,3800,chevrolet,van,2009,clean vehicle,261648.0,white,  1gbhg396191112177,167756420,michigan, usa,2 days left
183,24502,chevrolet,door,2016,clean vehicle,33045.0,white,  3gcukrec4gg223800,167765817,michigan, usa,20 hours left
184,4140,ford,door,2017,clean vehicle,40747.0,white,  3fa6p0h73hr358945,167656519,texas, usa,2 days left
185,1400,dodge,pk,2002,clean vehicle,185460.0,black,  1b7hg38n62s587845,167756423,michigan, usa,2 days left
186,18402,cadillac,srx,2016,clean vehicle,26667.0,gray,  3gyfnae36gs538333,167765819,michigan, usa,2 days left
187,4160,ford,door,2017,clean vehicle,37176.0,white,  3fa6p0hd3hr199785,167656520,texas, usa,2 days left
188,175,chrysler,door,2000,salvage insurance,231240.0,red,  2c3hd46r3yh208325,167756464,north carolina, usa,3 days left
189,24503,chevrolet,colorado,2016,clean vehicle,18006.0,brown,  1gchtde32g1339478,167765821,michigan, usa,20 hours left
190,15840,ford,door,2017,clean vehicle,72445.0,white,  1ft7w2bt8hec67434,167656521,texas, usa,2 days left
191,20500,ford,door,2014,clean vehicle,123355.0,black,  1ftfw1et9efb99877,167756547,south carolina, usa,21 hours left
192,21003,chevrolet,1500,2016,clean vehicle,44116.0,silver,  1gcvknec1gz396932,167765826,michigan, usa,32 minutes
193,4200,ford,door,2017,clean vehicle,60219.0,red,  3fa6p0hd7hr273550,167656522,texas, usa,2 days left
194,17400,ford,door,2011,clean vehicle,135077.0,red,  1ftfw1ef1bfa03548,167756635,georgia, usa,21 hours left
195,32001,chevrolet,door,2016,clean vehicle,32058.0,black,  3gcuktec5gg350066,167765832,michigan, usa,2 days left 
197,15700,ford,cab,2011,clean vehicle,309564.0,white,  1fduf5gt8bea80212,167756640,south carolina, usa,21 hours left
198,31009,chevrolet,door,2016,clean vehicle,33928.0,white,  3gcuksec3gg369662,167765835,michigan, usa,2 days left
199,3740,ford,wagon,2017,clean vehicle,90618.0,white,  nm0ls7e76h1312963,167656524,texas, usa,2 days left
200,5000,dodge,pickup,2001,clean vehicle,109360.0,white,  1b7hc16x01s213315,167756836,georgia, usa,21 hours left
201,31002,chevrolet,door,2016,clean vehicle,71809.0,white,  1gc1kve82gf207345,167765840,michigan, usa,20 hours left
202,3160,ford,doors,2017,clean vehicle,31563.0,gray,  1fadp3e24hl348263,167656526,texas, usa,2 days left
203,8600,dodge,pickup,2005,clean vehicle,219823.0,gray,  3d7ks28c15g771945,167756840,south carolina, usa,21 hours left
204,6000,chevrolet,malibu,2018,clean vehicle,42090.0,gray,  1g1zb5st8jf226848,167765944,texas, usa,21 hours left
205,12990,ford,door,2017,clean vehicle,126523.0,white,  1ft7w2b60hec03964,167656527,texas, usa,2 days left
206,25,chevrolet,vehicl,2020,salvage insurance,7232.0,black,  2gnaxkev6l6128374,167756877,kentucky, usa,3 days left
207,13200,buick,encore,2017,clean vehicle,60171.0,black,  kl4cjcsb1hb024411,167765959,texas, usa,21 hours left
208,4410,ford,wagon,2017,clean vehicle,209915.0,white,  nm0ls7e79h1312701,167656528,texas, usa,2 days left
209,25,chrysler,door,2005,salvage insurance,151815.0,silver,  2c3ja43r35h179032,167757193,massachusetts, usa,3 days left
210,22500,chevrolet,camaro,2020,clean vehicle,13826.0,green,  1g1fb1rx6l0109117,167765992,georgia, usa,3 days left
211,7420,ford,mpv,2017,clean vehicle,55854.0,white,  1fmzk1cm1hkb51026,167656529,texas, usa,2 days left
212,13500,ford,door,2016,clean vehicle,45757.0,silver,  1fatp8uhxg5296168,167757353,arizona, usa,20 hours left
213,15500,chevrolet,trax,2020,clean vehicle,16545.0,white,  3gncjlsb1ll142267,167765995,georgia, usa,3 days left
214,3540,ford,door,2017,clean vehicle,112893.0,white,  3fa6p0g73hr140652,167656530,texas, usa,2 days left
215,17000,ford,door,2016,clean vehicle,126802.0,no_color,  1ft7w2b60geb96643,167757879,florida, usa,2 hours left
216,45500,chevrolet,tahoe,2020,clean vehicle,13303.0,white,  1gnscbkc4lr164829,167765997,georgia, usa,3 days left
217,4130,ford,door,2017,clean vehicle,34061.0,silver,  3fa6p0hd8hr305132,167656531,texas, usa,2 days left
218,15700,ford,door,2015,clean vehicle,70251.0,white,  1ftew1cg0ffa89853,167757917,arizona, usa,14 hours left
219,45500,chevrolet,tahoe,2020,clean vehicle,13679.0,gray,  1gnscbkcxlr162857,167765999,georgia, usa,3 days left
220,4130,ford,doors,2017,clean vehicle,42426.0,gray,  3fa6p0lu4hr246569,167656532,texas, usa,2 days left
221,15500,dodge,door,2012,clean vehicle,66452.0,black,  1c6rd7lt4cs187334,167757926,pennsylvania, usa,2 days left
222,16300,chevrolet,trax,2020,clean vehicle,18221.0,white,  3gncjlsb4ll149763,167766003,georgia, usa,3 days left
223,4530,ford,mpv,2017,clean vehicle,41455.0,white,  1fmzk1cm7hkb51015,167656533,texas, usa,2 days left
224,15600,dodge,door,2011,clean vehicle,35275.0,black,  1d7rw3gp7bs614101,167758116,pennsylvania, usa,2 days left
225,45500,chevrolet,tahoe,2020,clean vehicle,13885.0,white,  1gnscbkc6lr159535,167766009,georgia, usa,3 days left
226,4100,ford,door,2017,clean vehicle,38815.0,gray,  3fa6p0hd2hr178393,167656535,texas, usa,2 days left
227,18200,dodge,door,2011,clean vehicle,162281.0,white,  3d73y4clxbg535425,167758122,pennsylvania, usa,2 days left
228,10200,chevrolet,door,2013,clean vehicle,56479.0,black,  2g1fc3d32d9188287,167766025,texas, usa,21 hours left
229,4080,ford,doors,2017,clean vehicle,61027.0,black,  3fa6p0luxhr231039,167656536,texas, usa,2 days left
230,5700,ford,van,2014,clean vehicle,178703.0,white,  1ftss3el7eda50076,167758159,florida, usa,2 hours left
231,10200,chevrolet,3500,2014,clean vehicle,173469.0,white,  1gc3czcg1ef176545,167766029,texas, usa,21 hours left
232,5000,ford,door,2017,clean vehicle,37321.0,white,  3fa6p0k93hr257687,167656538,texas, usa,2 days left
233,1700,ford,door,2014,clean vehicle,112789.0,white,  1fadp3f20el320177,167758222,florida, usa,2 hours left
234,6200,bmw,door,2011,clean vehicle,80394.0,gray,  wbaph7g58bnn05983,167766036,texas, usa,21 hours left
235,3650,ford,door,2016,clean vehicle,68142.0,white,  1fmcu0f78gub36672,167656726,texas, usa,2 days left
236,10500,dodge,door,2014,clean vehicle,74203.0,white,  2c3cdxct3eh230364,167758265,arizona, usa,1 days left
237,43500,chevrolet,2500,2018,clean vehicle,57604.0,white,  1gc1kwey3jf123662,167766138,georgia, usa,6 days left
238,4610,dodge,van,2016,clean vehicle,87229.0,silver,  2c4rdgbg2gr345223,167656729,texas, usa,2 days left
239,3450,ford,door,2012,clean vehicle,90711.0,white,  3fahp0ha5cr389742,167758419,florida, usa,1 days left
240,38500,chevrolet,suburban,2018,clean vehicle,11135.0,silver,  1gnschkc6jr269601,167766143,georgia, usa,3 days left
241,6810,ford,mpv,2016,clean vehicle,66781.0,silver,  2fmpk3k95gbb76939,167656730,texas, usa,2 days left
242,2900,ford,cargo,2011,clean vehicle,190994.0,white,  1ftne2ew6bda76057,167758509,florida, usa,2 hours left
243,43500,chevrolet,2500,2018,clean vehicle,56007.0,white,  1gc1kwey6jf259008,167766144,georgia, usa,6 days left
244,4450,ford,mpv,2016,clean vehicle,32486.0,white,  2fmpk3g96gbc42228,167656731,texas, usa,2 days left
245,5800,ford,door,2011,clean vehicle,195908.0,white,  1ftew1cm0bfc14625,167758515,florida, usa,2 hours left
246,16500,chevrolet,equinox,2018,clean vehicle,18020.0,silver,  2gnaxjev9j6276848,167766146,georgia, usa,3 days left
247,4240,dodge,mpv,2016,clean vehicle,83262.0,white,  3c4pdcbb9gt181387,167656732,texas, usa,2 days left
248,26500,ford,pickup,2008,clean vehicle,62015.0,white,  1ftxw43r18eb10682,167758527,pennsylvania, usa,1 days left
249,13700,chevrolet,equinox,2017,clean vehicle,36421.0,silver,  2gnalcek6h6289807,167766173,georgia, usa,3 days left
250,8600,ford,door,2016,clean vehicle,73321.0,white,  1ftew1cf8gkd34592,167656733,texas, usa,2 days left
251,8000,ford,chassis,2008,clean vehicle,132379.0,white,  1fdxf46r08ea18180,167758623,florida, usa,2 days left
252,14200,chevrolet,equinox,2017,clean vehicle,28013.0,silver,  2gnalcek6h6288804,167766178,georgia, usa,3 days left
253,7040,ford,mpv,2016,clean vehicle,33291.0,silver,  2fmpk3k80gbc65759,167656736,texas, usa,2 days left
254,4700,ford,chassis,2005,clean vehicle,225236.0,no_color,  1fdxf46p35ea79064,167758702,florida, usa,2 hours left
255,30851,chevrolet,door,2016,clean vehicle,43176.0,red,  3gcuksec6gg284475,167766204,georgia, usa,2 days left
256,4880,ford,mpv,2016,clean vehicle,36876.0,silver,  2fmpk4g97gbc51848,167656738,texas, usa,2 days left
257,14500,dodge,pickup,2006,clean vehicle,111782.0,silver,  1d7ks28c96j246101,167758709,pennsylvania, usa,3 days left
258,7600,chevrolet,door,2017,clean vehicle,110489.0,brown,  1g1ze5st0hf155999,167766640,nebraska, usa,5 hours left
259,13270,ford,door,2016,clean vehicle,84035.0,white,  1ft7w2btxgeb64448,167656756,texas, usa,2 days left
260,12800,ford,door,2012,clean vehicle,131101.0,gray,  1ftfw1et3cfb01665,167758730,arizona, usa,20 hours left
261,33000,chevrolet,1500,2018,clean vehicle,52521.0,white,  3gcukreh0jg303596,167766786,ontario, canada,10 days left
262,9280,ford,door,2016,clean vehicle,101380.0,white,  1ftfw1ef9gkf57726,167656757,texas, usa,2 days left
263,900,ford,van,2003,clean vehicle,142027.0,white,  1ftne24293hb19928,167758752,florida, usa,2 hours left
264,7560,ford,door,2016,clean vehicle,111476.0,gray,  1ftfx1ef7gkd59790,167656758,texas, usa,2 days left
265,19500,ford,drw,2011,clean vehicle,76897.0,white,  1fd8w3gt0beb32874,167759102,pennsylvania, usa,2 days left
266,17100,chevrolet,malibu,2019,clean vehicle,15780.0,white,  1g1zd5st5kf112138,167767034,washington, usa,2 days left
267,8020,ford,door,2016,clean vehicle,31944.0,white,  1ftew1cp2gke43168,167656759,texas, usa,2 days left
268,10300,ford,fiesta,2019,clean vehicle,18937.0,black,  3fadp4bjxkm123238,167759377,missouri, usa,4 days left
269,22600,chevrolet,van,2019,clean vehicle,9706.0,white,  1gcwgafgxk1243764,167767036,washington, usa,2 days left
270,10480,ford,doors,2016,clean vehicle,57289.0,gray,  wf0dp3th0g4113219,167656760,texas, usa,2 days left
271,10300,ford,fiesta,2019,clean vehicle,19956.0,silver,  3fadp4bj4km123235,167759380,missouri, usa,4 days left
272,22700,chevrolet,van,2019,clean vehicle,6075.0,white,  1gcwgafg4k1252945,167767041,washington, usa,2 days left
273,7410,ford,door,2016,clean vehicle,21034.0,gray,  1ftex1ep1gfd60365,167656761,texas, usa,2 days left
274,10300,ford,fiesta,2019,clean vehicle,22881.0,gray,  3fadp4bj7km123231,167759385,missouri, usa,4 days left
275,10300,chevrolet,door,2013,clean vehicle,167600.0,gray,  1gc4k0cgxdf194396,167767134,washington, usa,2 days left
276,7570,ford,door,2016,clean vehicle,37252.0,white,  1ftfx1ef0gkf25969,167656762,texas, usa,2 days left
277,67000,dodge,challenger,2019,clean vehicle,10944.0,blue,  2c3cdzl97kh518237,167759490,ohio, usa,21 hours left
278,18900,chevrolet,impala,2019,clean vehicle,27601.0,white,  1g11z5s37ku129047,167767312,texas, usa,21 hours left
279,12560,ford,doors,2019,clean vehicle,15958.0,white,  1fd8w3ht1kee23298,167656776,florida, usa,18 hours left
280,33000,dodge,durango,2019,clean vehicle,32251.0,white,  1c4sdjct6kc717612,167759493,ohio, usa,21 hours left
281,18300,chevrolet,impala,2019,clean vehicle,25809.0,black,  2g11z5s33k9132248,167767315,texas, usa,21 hours left
282,11760,ford,cab,2017,clean vehicle,30553.0,white,  1fd8w3ht4hed36245,167656779,texas, usa,2 days left
283,31700,dodge,durango,2019,clean vehicle,26549.0,red,  1c4sdjct5kc744865,167759499,ohio, usa,21 hours left
284,25,dodge,door,2007,salvage insurance,160528.0,dark blue,  2b3ka43g87h836300,167416803,minnesota, usa,17 hours left 
286,7340,ford,doors,2019,clean vehicle,15854.0,gray,  1fatp8uh7k5172626,167693585,florida, usa,17 hours left
287,8200,hyundai,door,2017,clean vehicle,56690.0,white,  5npd84lf6hh128808,167117726,connecticut, usa,5 hours left
288,3000,kia,door,2013,clean vehicle,97142.0,silver,  knagm4a75d5378293,167552545,missouri, usa,9 days left
289,6530,jeep,mpv,2019,clean vehicle,10185.0,black,  3c4njdcb3kt659526,167680488,georgia, usa,17 hours left 
291,12700,kia,soul,2019,clean vehicle,23514.0,silver,  kndjp3a55k7006351,167679072,california, usa,10 days left
292,13800,kia,sorento,2017,clean vehicle,86959.0,gray,  5xyphda50hg232046,167803771,north carolina, usa,3 days left 
294,725,ford,door,2017,salvage insurance,67279.0,gray,  3fa6p0h75hr150081,167255037,virginia, usa,2 days left
295,7400,ford,doors,2019,clean vehicle,16482.0,gray,  1fatp8uh2k5188622,167693593,florida, usa,17 hours left
296,9800,hyundai,elantra,2017,clean vehicle,35687.0,red,  kmhd84lf5hu191402,167117732,connecticut, usa,5 hours left 
298,4400,jeep,mpv,2019,clean vehicle,17911.0,green,  3c4njcbbxkt664931,167680540,georgia, usa,17 hours left
299,10330,infiniti,mpv,2019,clean vehicle,21278.0,blue,  5n1dl0mm9kc550722,167698666,florida, usa,22 hours left
300,1800,chevrolet,door,2011,salvage insurance,47269.0,black,  2g1fb3ddxb9212618,167418537,arkansas, usa,17 hours left
301,50,chevrolet,door,2008,salvage insurance,172102.0,blue,  1g1al58f787159241,167650632,texas, usa,18 hours left
302,720,ford,wagon,2006,clean vehicle,26914.0,no_color,  1fafp36n06w137851,167660576,florida, usa,23 hours left
303,22800,ford,door,2017,clean vehicle,67217.0,red,  1ftew1ep3hfb25518,167765330,michigan, usa,2 days left
304,2500,ford,door,2017,salvage insurance,78698.0,black,  1fmcu9gd2huc27625,167359161,california, usa,19 hours left 
306,9190,gmc,mpv,2017,clean vehicle,41961.0,black,  1gkknxls3hz174527,167703306,virginia, usa,17 hours left
307,10900,jeep,mpv,2019,clean vehicle,13273.0,red,  1c4hjxeg1kw609998,167264249,michigan, usa,2 days left
308,10400,infiniti,mpv,2019,clean vehicle,31713.0,black,  5n1dl0mm1kc552741,167698670,florida, usa,22 hours left 
311,7320,chevrolet,pickup,2008,clean vehicle,325611.0,silver,  1gchk23648f125262,167660581,florida, usa,22 hours left
312,22809,ford,f-150,2017,clean vehicle,50732.0,black,  1ftfx1ef5hke41700,167765332,michigan, usa,20 hours left 
315,5520,gmc,mpv,2017,clean vehicle,52904.0,silver,  2gkfltek8h6226257,167703312,virginia, usa,17 hours left
316,10900,jeep,mpv,2019,clean vehicle,14195.0,orange,  1c4hjxeg1kw608401,167264250,michigan, usa,2 days left
317,6330,jeep,mpv,2019,clean vehicle,43965.0,red,  1c4pjldbxkd300679,167698671,florida, usa,22 hours left 
319,25,chevrolet,pickup,2010,salvage insurance,149189.0,white,  3gcrkse37ag234620,167650663,colorado, usa,18 hours left
320,2320,dodge,door,2007,clean vehicle,112182.0,red,  2b3ka43g67h630568,167660582,florida, usa,22 hours left
321,23702,ford,door,2017,clean vehicle,49024.0,black,  1ftew1ep4hkc08477,167765335,michigan, usa,2 days left 
324,5520,gmc,mpv,2017,clean vehicle,35821.0,silver,  2gkfltek8h6338184,167703317,virginia, usa,17 hours left
325,4050,heartland,pioneer,2018,clean vehicle,1.0,gray,  5sfpb3326je365727,167265963,pennsylvania, usa,7 days left
326,14810,infiniti,mpv,2019,clean vehicle,32611.0,brown,  jn8az2ne0k9233910,167698673,florida, usa,22 hours left
327,25,chevrolet,door,2011,salvage insurance,105244.0,white,  1gccsbf97b8118236,167650664,colorado, usa,18 hours left
328,2960,chrysler,van,2008,clean vehicle,164048.0,red,  2a8hr54px8r787529,167660587,florida, usa,23 hours left
329,24800,ford,door,2017,clean vehicle,46955.0,gray,  1ftew1ef3hfc22483,167765337,michigan, usa,2 days left 
332,6270,gmc,mpv,2017,clean vehicle,70443.0,black,  2gkfluek3h6232330,167703322,virginia, usa,17 hours left
333,1880,heartland,trail,2012,clean vehicle,1.0,white,  5sfnb2425ce237109,167266201,pennsylvania, usa,7 days left
334,10050,infiniti,mpv,2019,clean vehicle,18229.0,gray,  5n1dl0mm3kc557634,167698674,florida, usa,22 hours left
335,225,chevrolet,door,2014,salvage insurance,87673.0,red,  3gcukrec2eg226031,167650668,colorado, usa,18 hours left
336,26900,chevrolet,traverse,2018,clean vehicle,42941.0,black,  1gnevhkw8jj148388,167781794,missouri, usa,20 hours left
337,1420,chrysler,door,2007,clean vehicle,104405.0,gold,  1c3lc66m77n591138,167660594,florida, usa,23 hours left
338,27003,ford,door,2017,clean vehicle,57186.0,black,  1ftew1ef4hfa16802,167765338,michigan, usa,20 hours left 
340,350,ford,door,2004,salvage insurance,236980.0,gray,  1fmfu16lx4la45470,167611031,illinois, usa,17 hours left
341,5600,gmc,mpv,2017,clean vehicle,59808.0,black,  2gkfltek3h6256220,167703323,virginia, usa,17 hours left
342,6680,heartland,country,2011,clean vehicle,1.0,gray,  5sfbg3524be216811,167266214,pennsylvania, usa,7 days left
343,10120,infiniti,mpv,2019,clean vehicle,20681.0,white,  5n1dl0mm2kc556913,167698675,florida, usa,22 hours left 
345,3920,ford,door,2015,clean vehicle,102700.0,white,  1ftmf1c85fkd31564,167660596,georgia, usa,2 days left
346,23100,ford,door,2017,clean vehicle,53270.0,black,  1ftew1epxhfb71427,167765343,michigan, usa,20 hours left 
350,2800,jaguar,doors,2019,clean vehicle,20849.0,black,  sajbd4fx6kcy78964,167698678,florida, usa,22 hours left 
352,8850,ford,door,2015,clean vehicle,143818.0,black,  1ftew1cf6ffc68843,167660597,georgia, usa,2 days left
353,18712,ford,f-150,2017,clean vehicle,67347.0,black,  1ftex1e83hfb13813,167765400,michigan, usa,20 hours left 
356,6300,gmc,mpv,2017,clean vehicle,117400.0,blue,  2gkfluek6h6317310,167703326,virginia, usa,17 hours left
357,2220,heartland,country,2010,clean vehicle,1.0,white,  5sfbg3823ae204868,167266337,pennsylvania, usa,7 days left
358,6930,jeep,mpv,2019,clean vehicle,47798.0,red,  1c4pjmdx4kd197521,167698679,florida, usa,22 hours left
359,25,chevrolet,door,2008,salvage insurance,130623.0,white,  1gnfc13j88r167278,167650817,california, usa,8 days left
360,3440,ford,door,2015,clean vehicle,124542.0,white,  1fadp5au3fl108248,167660600,georgia, usa,2 days left
361,50412,ford,door,2017,clean vehicle,47129.0,black,  1ft7w2bt3hef41039,167765418,michigan, usa,2 days left
362,25,ford,pickup,1994,salvage insurance,206162.0,white,  1ftdf15y2rnb12612,167361489,georgia, usa,2 days left
363,950,ford,pk,2001,salvage insurance,229886.0,red,  1ftrx17w41nb80705,167611176,illinois, usa,17 hours left
364,9270,gmc,mpv,2017,clean vehicle,19490.0,gray,  1gkknxls2hz262405,167703329,virginia, usa,17 hours left
365,11380,jeep,mpv,2019,clean vehicle,12038.0,black,  1c4hjxeg2kw600727,167271446,michigan, usa,2 days left
366,5350,hyundai,mpv,2019,clean vehicle,43536.0,blue,  km8j33a49ku860727,167698680,florida, usa,22 hours left
367,2725,chevrolet,door,2004,salvage insurance,308451.0,black,  1gcjc33204f177273,167650940,south carolina, usa,2 days left
368,3790,ford,door,2015,clean vehicle,100893.0,gray,  3fa6p0h71fr180238,167660602,georgia, usa,2 days left
369,40514,ford,door,2017,clean vehicle,90304.0,white,  1ft7w2bt6heb60592,167765419,michigan, usa,20 hours left 
372,9190,gmc,mpv,2017,clean vehicle,31394.0,gray,  1gkknxls7hz295013,167703330,virginia, usa,17 hours left
373,10330,infiniti,mpv,2019,clean vehicle,25933.0,gray,  5n1dl0mm9kc556522,167698681,florida, usa,22 hours left
374,1000,acura,door,2008,salvage insurance,118250.0,gray,  5j8tb18578a010979,167362709,michigan, usa,2 days left
375,2925,bmw,door,2013,salvage insurance,46060.0,white,  5uxwx9c57d0a24286,167651122,florida, usa,2 days left
376,3830,ford,door,2015,clean vehicle,50593.0,gold,  3fa6p0hdxfr241138,167660603,georgia, usa,2 days left
377,43402,ford,door,2017,clean vehicle,62387.0,blue,  1ft7w2bt3hed62547,167765425,michigan, usa,2 days left
378,1025,gmc,door,2009,salvage insurance,169634.0,black,  1gkfk03219r252659,167362649,michigan, usa,2 days left
379,17200,honda,van,2016,clean vehicle,72527.0,gray,  5fnrl5h65gb151898,167611321,new jersey, usa,2 hours left
380,54680,harley-davidson,road/street,2016,clean vehicle,9502.0,black,  1hd1krm1xgb609213,167703374,virginia, usa,18 hours left
381,6940,honda,door,2010,clean vehicle,217290.0,no_color,  5fnyf4h99ab034386,167275444,pennsylvania, usa,3 days left
382,13080,infiniti,mpv,2019,clean vehicle,17243.0,gray,  jn8az2nf9k9685086,167698683,florida, usa,22 hours left
383,25,chevrolet,door,2007,salvage insurance,194903.0,gray,  3gnfk16307g310044,167651207,virginia, usa,2 days left
384,10630,ford,door,2015,clean vehicle,82899.0,white,  1ftew1eg0ffb32472,167660608,georgia, usa,2 days left
385,43009,ford,door,2017,clean vehicle,76418.0,white,  1ft7w2bt3heb19966,167765426,michigan, usa,2 days left
386,25,gmc,door,2003,salvage insurance,138441.0,white,  1gkdt13s332100344,167362657,michigan, usa,2 days left
387,4600,ford,pickup,2006,salvage insurance,240740.0,brown,  1ftpw14v66fa82105,167611554,mississippi, usa,8 days left
388,4950,honda,mpv,2016,clean vehicle,71404.0,black,  2hkrm3h45gh513861,167703381,virginia, usa,17 hours left
389,3760,hyundai,doors,2019,clean vehicle,30382.0,silver,  5npd84lf6kh456317,167698685,florida, usa,22 hours left
390,3900,acura,door,2009,clean vehicle,179389.0,black,  19uua96529a004646,167389316,texas, usa,2 hours left 
392,3830,ford,door,2015,clean vehicle,82534.0,silver,  3fa6p0hdxfr258523,167660609,georgia, usa,2 days left
393,53500,ford,door,2017,clean vehicle,55732.0,white,  1ft8w4dtxhed96692,167765452,michigan, usa,20 hours left
394,25,ford,door,2010,salvage insurance,198596.0,gray,  1fmeu7de5aua53694,167362668,michigan, usa,2 days left
395,25,ford,door,1998,salvage insurance,300021.0,brown,  1ftzx0766wka18481,167611660,arkansas, usa,17 hours left
396,6240,honda,door,2015,clean vehicle,83623.0,silver,  5fnyf4h26fb052452,167703518,virginia, usa,2 days left
397,4150,jeep,door,2014,clean vehicle,108895.0,white,  1c4njrfb0ed707552,167698715,new york, usa,2 days left
398,25,jeep,door,1999,salvage insurance,226972.0,black,  1j4gw58s4xc558310,167246338,florida, usa,16 hours left
399,61200,bmw,series,2020,clean vehicle,7509.0,black,  wba7t2c04lgl17687,167417053,california, usa,7 days left 
401,13500,bmw,series,2014,clean vehicle,33542.0,blue,  wba3d5c51ekx97650,167782815,new jersey, usa,2 days left
402,6490,ford,door,2015,clean vehicle,74754.0,black,  1fm5k7d88fga24308,167660611,georgia, usa,2 days left
403,51502,ford,door,2017,clean vehicle,27661.0,black,  1ft8w3dt8hec12120,167765457,michigan, usa,2 days left
404,250,ford,door,2010,salvage insurance,115241.0,white,  3fahp0ha6ar187697,167362678,michigan, usa,2 days left
405,25,ford,door,1984,salvage insurance,41577.0,white,  2ftcf15y9eca14589,167611661,arkansas, usa,17 hours left
406,8160,honda,van,2015,clean vehicle,109027.0,gray,  5fnrl5h96fb012419,167703523,virginia, usa,2 days left
407,7770,jeep,door,2014,clean vehicle,72732.0,gray,  1c4rjfbg4ec441069,167698716,new york, usa,2 days left
408,200,jeep,door,2001,salvage insurance,126400.0,green,  1j4ft48s01l590080,167247039,maryland, usa,16 hours left
409,25,audi,door,2008,salvage insurance,177422.0,black,  wa1by74l38d010163,167417202,texas, usa,17 hours left 
411,1825,bmw,coupe,2008,salvage insurance,77984.0,white,  wbawb33548p132854,167651338,georgia, usa,2 days left
412,39800,bmw,series,2017,clean vehicle,23177.0,blue,  wba7e2c58hg739412,167782823,california, usa,21 hours left
413,9210,ford,door,2015,clean vehicle,26911.0,silver,  1ftew1cg4ffa66589,167660613,georgia, usa,2 days left
414,58500,ford,srw,2019,clean vehicle,21527.0,blue,  1ft8w3bt3kee15023,167765561,washington, usa,21 hours left
415,125,ford,door,2014,salvage insurance,56461.0,silver,  1fm5k8gt9ega74266,167362681,michigan, usa,2 days left
416,3960,honda,door,2015,clean vehicle,95128.0,white,  19xfb2f81fe252000,167703530,virginia, usa,2 days left
417,5998,hyundai,doors,2014,clean vehicle,122975.0,phantom black,  5npdh4ae0eh480157,167279690,new york, usa,5 days left
418,3700,honda,doors,2014,clean vehicle,162824.0,blue,  jhmze2h34es000337,167698717,new york, usa,2 days left 
422,5000,gmc,door,2012,clean vehicle,140339.0,black,  1gkkrpedxcj207971,167702669,utah, usa,19 hours left
423,15050,infiniti,mpv,2019,clean vehicle,26786.0,white,  jn8az2ne9k9229368,167256592,texas, usa,17 hours left
424,3960,hyundai,doors,2019,clean vehicle,35623.0,red,  5npd84lf5kh403222,167697946,ohio, usa,2 days left
425,36300,lincoln,nautilus,2019,clean vehicle,14541.0,black,  2lmpj6l91kbl31468,167151980,california, usa,1 days left
426,55600,lexus,gx,2020,clean vehicle,8186.0,silver,  jtjam7bx4l5251250,167605747,florida, usa,2 days left
427,2630,nissan,doors,2018,clean vehicle,36739.0,gray,  3n1cn7ap5jl872135,167692446,california, usa,20 hours left
428,5690,nissan,mpv,2017,clean vehicle,42616.0,blue,  5n1at2mv4hc773816,167668377,new jersey, usa,17 hours left
429,19500,audi,q5,2017,clean vehicle,65833.0,blue,  wa1l2afpxha049370,167339535,texas, usa,3 days left
430,450,chevrolet,coupe,2008,salvage insurance,123515.0,yellow,  1g1al18f587145539,167650407,minnesota, usa,2 days left
431,20400,cadillac,door,2015,clean vehicle,36122.0,white,  3gyfnee39fs587810,167780469,wisconsin, usa,2 days left
432,4320,chevrolet,door,2011,clean vehicle,88359.0,brown,  2cnfleec9b6313197,167660381,florida, usa,22 hours left
433,33001,ford,f-150,2017,clean vehicle,35905.0,gray,  1ftfw1eg3hfc66707,167765248,michigan, usa,2 days left
434,10000,ford,door,2017,salvage insurance,35747.0,red,  1ftew1efxhkc69002,167357511,arkansas, usa,17 hours left 
436,5790,gmc,door,2012,clean vehicle,105020.0,white,  1gtr2ve74cz121991,167702672,utah, usa,19 hours left
437,14750,infiniti,mpv,2019,clean vehicle,11047.0,black,  jn8az2nexk9236071,167256600,texas, usa,17 hours left
438,4010,hyundai,doors,2019,clean vehicle,31233.0,silver,  kmhd84lf4ku746279,167697947,ohio, usa,2 days left
439,40000,mercedes-benz,gle,2019,clean vehicle,19427.0,white,  4jgda5gb4kb204919,167152151,california, usa,1 days left
440,13000,kia,sportage,2017,clean vehicle,71991.0,silver,  kndpn3ac7h7113313,167606881,new jersey, usa,2 hours left
441,3550,nissan,doors,2018,clean vehicle,29043.0,blue,  3n1ab7ap2jy244200,167692447,california, usa,20 hours left
442,3040,nissan,doors,2017,clean vehicle,36064.0,gray,  3n1ab7ap5hy411143,167668543,new jersey, usa,17 hours left 
444,36400,audi,5,2015,clean vehicle,47213.0,black,  wuac6bfr0fa901212,167780470,wisconsin, usa,2 days left
445,4480,ford,door,2011,clean vehicle,116480.0,black,  2fmdk3gc0bbb23680,167660383,florida, usa,23 hours left
446,31003,ford,door,2017,clean vehicle,72084.0,red,  1ftew1eg0hfb93193,167765253,michigan, usa,20 hours left
447,75,ford,pickup,2001,salvage insurance,295780.0,gold,  1ftrw08l61kc05834,167357592,arkansas, usa,17 hours left
448,8850,gmc,door,2011,clean vehicle,148035.0,white,  1gt120c83bf236190,167702770,utah, usa,19 hours left
449,14750,infiniti,mpv,2019,clean vehicle,11396.0,white,  jn8az2nexk9236037,167256601,texas, usa,17 hours left
450,4690,hyundai,mpv,2019,clean vehicle,33785.0,silver,  km8k12aa0ku242609,167697948,ohio, usa,2 days left
451,23000,land,sport,2018,clean vehicle,20103.0,black,  salcp2rx6jh739311,167153784,california, usa,1 days left
452,46900,land,discovery,2018,clean vehicle,32387.0,black,  salrr2rk0ja052195,167606908,florida, usa,2 days left
453,10740,mercedes-benz,doors,2018,clean vehicle,48140.0,white,  wddwk4jb2jf613298,167692448,california, usa,20 hours left
454,3160,nissan,doors,2017,clean vehicle,34861.0,gray,  3n1ab7ap0hy315498,167668544,new jersey, usa,17 hours left
455,0,chevrolet,door,2006,salvage insurance,268040.0,silver,  1g1zt53f46f254868,167650486,texas, usa,17 hours left
456,3450,chrysler,door,2011,clean vehicle,114119.0,gold,  1c3bc1fg1bn519076,167660385,florida, usa,22 hours left
457,27102,ford,f-150,2017,clean vehicle,34165.0,red,  1ftfw1eg1hfb78397,167765256,michigan, usa,2 days left
458,500,gmc,door,2018,salvage insurance,27442.0,black,  1gkknmls5jz177336,167357601,arkansas, usa,17 hours left
459,5100,gmc,door,2011,clean vehicle,144792.0,white,  1gtr2uea3bz242502,167702772,utah, usa,19 hours left
460,15010,infiniti,mpv,2019,clean vehicle,11394.0,beige,  jn8az2ne8k9236456,167256603,texas, usa,17 hours left
461,5800,jeep,mpv,2019,clean vehicle,30546.0,silver,  1c4pjldb3kd419559,167697949,ohio, usa,2 days left
462,23200,land,sport,2018,clean vehicle,23745.0,black,  salcp2rx0jh740860,167153788,california, usa,1 days left
463,8000,hyundai,door,2015,clean vehicle,88274.0,red,  km8jucag9fu984199,167607388,pennsylvania, usa,7 days left
464,3390,nissan,doors,2018,clean vehicle,38349.0,gray,  3n1ab7ap5jy293102,167692449,california, usa,20 hours left
465,3140,nissan,doors,2017,clean vehicle,30142.0,white,  3n1ab7ap1hy310259,167668545,new jersey, usa,17 hours left
466,25,chevrolet,door,2007,salvage insurance,267834.0,black,  3gnfk12387g179905,167650490,texas, usa,17 hours left
467,15000,bmw,door,2014,clean vehicle,44730.0,silver,  wba3b5g54ens10419,167780701,illinois, usa,21 hours left
468,10440,chevrolet,cab,2011,clean vehicle,92476.0,blue,  1gc1kyc87bf185906,167660387,florida, usa,23 hours left
469,23911,ford,f-150,2017,clean vehicle,25698.0,black,  1ftew1cf3hfb78746,167765258,michigan, usa,20 hours left
470,25,ford,pk,2010,salvage insurance,155242.0,gray,  1ftfx1ev7akc32939,167357792,oklahoma, usa,17 hours left
471,21400,gmc,acadia,2018,clean vehicle,54332.0,gray,  1gkknwls6jz133440,167602130,new jersey, usa,2 hours left
472,5380,gmc,cab,2011,clean vehicle,119215.0,white,  1gt120cg5bf167316,167702775,utah, usa,19 hours left
473,11000,jeep,mpv,2019,clean vehicle,8930.0,red,  1c4hjxeg0kw596497,167256941,michigan, usa,2 days left
474,4950,jeep,mpv,2019,clean vehicle,46985.0,silver,  1c4pjllb6kd184477,167697950,ohio, usa,2 days left
475,22500,land,sport,2018,clean vehicle,30220.0,black,  salcp2rx7jh741147,167153791,california, usa,2 days left
476,30300,maserati,ghibli,2017,clean vehicle,37021.0,black,  zam57xslxh1248775,167607797,florida, usa,2 days left
477,2630,nissan,doors,2018,clean vehicle,43152.0,white,  3n1cn7ap5jl882275,167692452,california, usa,20 hours left
478,3140,nissan,doors,2017,clean vehicle,34318.0,silver,  3n1ab7ap1hl639346,167668546,new jersey, usa,17 hours left
479,2300,chevrolet,door,2011,salvage insurance,88287.0,white,  1gnskbe03br198151,167650581,arkansas, usa,17 hours left
480,4310,chevrolet,door,2011,clean vehicle,105486.0,black,  2cnaldec6b6382868,167660398,florida, usa,22 hours left
481,26012,ford,door,2017,clean vehicle,19850.0,black,  1ftew1ef2hfb83224,167765260,michigan, usa,20 hours left
482,75,ford,door,2014,salvage insurance,116535.0,silver,  1fadp3k26el249167,167357800,oklahoma, usa,17 hours left
483,48500,gmc,1500,2019,clean vehicle,15777.0,black,  1gtu9fel6kz311976,167603375,pennsylvania, usa,1 days left
484,3330,gmc,mpv,2009,clean vehicle,87448.0,white,  1gtgg25k391106224,167702843,utah, usa,19 hours left
485,11200,jeep,mpv,2019,clean vehicle,8395.0,yellow,  1c4hjxeg7kw589272,167256942,michigan, usa,2 days left
486,4730,hyundai,mpv,2019,clean vehicle,30121.0,red,  km8j23a45ku893842,167697951,ohio, usa,2 days left
487,24900,mercedes-benz,glc,2018,clean vehicle,33687.0,white,  wdc0g4jb4jv097463,167153811,california, usa,1 days left
488,29400,mercedes-benz,e-class,2017,clean vehicle,37561.0,blue,  wddzf4jb6ha277485,167607863,florida, usa,2 days left
489,8350,nissan,cab,2018,clean vehicle,32256.0,gray,  1n6aa1ej3jn519666,167692453,california, usa,20 hours left
490,475,peterbilt,truck,2012,salvage insurance,902041.0,gold,  1xp4d49x9cd123630,167529786,florida, usa,17 hours left
491,3210,nissan,doors,2017,clean vehicle,25255.0,black,  3n1ab7apxhy302645,167668547,new jersey, usa,17 hours left
492,25,chevrolet,van,2006,salvage insurance,165327.0,white,  1gndu23l46d143789,167650597,arkansas, usa,17 hours left
493,4200,chevrolet,cutaway,2006,clean vehicle,118009.0,white,  1gbhg31u661113654,167781216,wisconsin, usa,21 hours left
494,8430,chevrolet,utility,2011,clean vehicle,114547.0,black,  3gntkge3xbg398052,167660399,florida, usa,22 hours left
495,25503,ford,f-150,2017,clean vehicle,18647.0,black,  1ftmf1ef2hfb83980,167765261,michigan, usa,9 minutes 
497,26000,gmc,limited,2019,clean vehicle,16669.0,black,  2gtv2mecxk1173011,167603430,pennsylvania, usa,1 days left
498,3900,honda,doors,2017,clean vehicle,47970.0,blue,  2hgfc2f52hh522914,167702907,virginia, usa,2 days left
499,11200,jeep,mpv,2019,clean vehicle,12905.0,gray,  1c4hjxeg7kw590115,167256952,michigan, usa,2 days left
500,8610,jeep,mpv,2019,clean vehicle,22123.0,silver,  1c4rjebg1kc776053,167697952,ohio, usa,2 days left
501,28000,mercedes-benz,gle,2018,clean vehicle,40780.0,white,  4jgda5jbxjb046383,167153817,california, usa,1 days left
502,84900,mercedes-benz,sl-class,2017,clean vehicle,25302.0,silver,  wddjk7ea3hf044968,167607883,florida, usa,2 days left
503,10840,lexus,mpv,2017,clean vehicle,36596.0,black,  2t2bzmca4hc087456,167692655,california, usa,20 hours left
504,100,peterbilt,truck,2012,salvage insurance,0.0,blue,  1xp4d49x1cd144875,167529787,florida, usa,17 hours left
505,11050,ram,door,2017,clean vehicle,30421.0,white,  1c6rr7pt3hs659994,167668548,new jersey, usa,17 hours left 
507,1000,chevrolet,door,2005,clean vehicle,135675.0,gray,  1gnet16s156132062,167781219,wisconsin, usa,21 hours left
508,3570,dodge,door,2015,clean vehicle,17355.0,black,  3c4pdcab2ft637813,167660417,georgia, usa,2 days left
509,25001,ford,door,2017,clean vehicle,27773.0,gray,  1ftfw1ef5hfb70262,167765268,michigan, usa,2 days left 
511,5630,gmc,mpv,2017,clean vehicle,58366.0,black,  2gkfltek2h6317685,167702915,virginia, usa,2 days left
512,11100,jeep,mpv,2019,clean vehicle,11229.0,white,  1c4hjxegxkw589301,167256954,michigan, usa,2 days left
513,4650,hyundai,mpv,2019,clean vehicle,27492.0,white,  km8j23a44ku882752,167697953,ohio, usa,2 days left 
519,5100,chevrolet,pickup,2004,clean vehicle,173321.0,gray,  1gchk23204f232462,167781222,wisconsin, usa,21 hours left
520,4700,dodge,door,2015,clean vehicle,93423.0,red,  3c4pdcgb7ft597655,167660427,georgia, usa,2 days left
521,29502,ford,f-150,2017,clean vehicle,14053.0,red,  1ftfw1eg1hke28907,167765275,michigan, usa,2 days left 
523,6160,honda,door,2017,clean vehicle,25956.0,white,  1hgct1b89ha002933,167702919,virginia, usa,2 days left
524,10910,jeep,mpv,2019,clean vehicle,12253.0,red,  1c4hjxeg8kw651309,167256956,michigan, usa,2 days left
525,3440,hyundai,doors,2019,clean vehicle,34895.0,gray,  3kpc24a34ke050725,167697954,ohio, usa,2 days left
526,16000,mazda,cx-3,2016,clean vehicle,47753.0,gray,  jm1dkbd74g0123647,167608540,florida, usa,2 days left
527,3810,kia,door,2016,clean vehicle,39408.0,black,  kndjx3ae3g7012477,167692796,california, usa,20 hours left
528,1025,peterbilt,truck,2010,salvage insurance,1017936.0,color:,  1xp7d49x0ad793710,167529842,georgia, usa,17 hours left
529,3020,nissan,doors,2017,clean vehicle,33599.0,white,  3n1ab7ap7hy223787,167668550,new jersey, usa,17 hours left 
531,2000,chevrolet,pickup,2003,clean vehicle,507985.0,red,  1gcgc24u53z128586,167781223,wisconsin, usa,21 hours left 
533,24811,ford,door,2017,clean vehicle,28464.0,red,  1ftew1ep4hfb44546,167765278,michigan, usa,21 hours left
534,75,ford,door,2007,salvage insurance,154989.0,blue,  3fahp06z07r118828,167357820,oklahoma, usa,17 hours left
535,5420,honda,doors,2017,clean vehicle,16702.0,black,  1hgcr2f55ha080596,167702922,virginia, usa,2 days left
536,11100,jeep,mpv,2019,clean vehicle,11449.0,yellow,  1c4hjxegxkw600703,167256957,michigan, usa,2 days left
537,4750,hyundai,mpv,2019,clean vehicle,25847.0,gray,  km8j23a4xku846404,167697955,ohio, usa,2 days left
538,17900,mercedes-benz,door,2015,clean vehicle,49772.0,gray,  wddhf5kbxfb099457,167609333,florida, usa,2 days left
539,3800,nissan,door,2015,clean vehicle,83915.0,black,  1n4al3ap6fc102604,167692884,california, usa,20 hours left
540,3160,nissan,doors,2017,clean vehicle,40306.0,silver,  3n1ab7ap0hy260843,167668551,new jersey, usa,17 hours left
541,25,chevrolet,pickup,2010,salvage insurance,149189.0,white,  3gcrkse37ag234620,167650663,colorado, usa,17 hours left
542,1200,chevrolet,door,2001,clean vehicle,149543.0,red,  2cnbj13c316958216,167781232,wisconsin, usa,21 hours left
543,6470,chevrolet,coupe,2010,clean vehicle,69622.0,yellow,  2g1fk1ejxa9163850,167660492,florida, usa,22 hours left
544,26400,ford,door,2017,clean vehicle,36295.0,red,  1ftew1ef3hfb27101,167765284,michigan, usa,19 hours left 
546,32500,gmc,2500hd,2018,clean vehicle,14856.0,blue,  1gt12seg2jf255666,167604590,pennsylvania, usa,1 days left
547,6900,honda,mpv,2017,clean vehicle,44129.0,brown,  5j6rw1h81hl005542,167702934,minnesota, usa,18 hours left
548,11030,jeep,mpv,2019,clean vehicle,10861.0,yellow,  1c4hjxeg5kw608448,167256958,michigan, usa,2 days left
549,3460,hyundai,door,2012,clean vehicle,142106.0,white,  5npeb4ac2ch437716,167697983,mississippi, usa,2 days left
550,18000,mercedes-benz,door,2015,clean vehicle,82411.0,black,  4jgda5hb2fa567147,167609334,florida, usa,2 days left
551,3250,hyundai,door,2015,clean vehicle,111612.0,gray,  5npdh4ae3fh644096,167692885,california, usa,20 hours left
552,3210,nissan,doors,2017,clean vehicle,35251.0,gray,  3n1ab7apxhy232807,167668552,new jersey, usa,17 hours left
553,13200,chevrolet,door,2017,clean vehicle,50408.0,black,  2gnflfek3h6342356,167772977,pennsylvania, usa,2 days left
554,27705,ford,f-150,2019,clean vehicle,15630.0,gray,  1ftew1e48kfb37676,167763405,michigan, usa,19 hours left
555,7200,chevrolet,door,2017,clean vehicle,53273.0,black,  1g1bc5sm8h7200200,167772979,pennsylvania, usa,2 days left
556,28714,ford,f-150,2019,clean vehicle,14786.0,white,  1ftfw1e58kfb37772,167763406,michigan, usa,19 hours left
557,11200,chevrolet,door,2017,clean vehicle,85315.0,white,  2gnflfek3h6341370,167772982,pennsylvania, usa,2 days left
558,27502,ford,f-150,2019,clean vehicle,16146.0,gray,  1ftew1e45kfb69856,167763407,michigan, usa,1 minutes
559,11900,chevrolet,door,2017,clean vehicle,76211.0,blue,  2gnflfek5h6341662,167772991,pennsylvania, usa,2 days left
560,29314,ford,f-150,2019,clean vehicle,15265.0,gray,  1ftew1ep6kfb85302,167763410,michigan, usa,19 hours left
561,11200,chevrolet,door,2017,clean vehicle,79965.0,silver,  2gnflfek5h6351639,167772996,pennsylvania, usa,2 days left
562,27002,ford,f-150,2019,clean vehicle,16059.0,gray,  1ftew1e55kfb96628,167763414,michigan, usa,1 minutes
